n_orders,n_lineitem,delta_fraction,delta_rows,strategy,reps,median_s,min_s,max_s
50000,200000,0.01,2000,bypass,1,0.023882250010501593,0.023882250010501593,0.023882250010501593
50000,200000,0.01,2000,stale_b,1,0.013860253995517269,0.013860253995517269,0.013860253995517269
50000,200000,0.01,2000,cascade,1,0.06299099102034234,0.06299099102034234,0.06299099102034234
50000,200000,0.01,2000,cascade_auto,1,0.056857796997064725,0.056857796997064725,0.056857796997064725
50000,200000,0.01,2000,stale_plus_residual,1,0.01707774298847653,0.01707774298847653,0.01707774298847653
