n_orders,n_lineitem,delta_fraction,delta_rows,strategy,reps,median_s,min_s,max_s
50000,200000,0.01,2000,bypass,1,0.02130097901681438,0.02130097901681438,0.02130097901681438
50000,200000,0.01,2000,stale_b,1,0.01660837500821799,0.01660837500821799,0.01660837500821799
50000,200000,0.01,2000,cascade,1,0.07643716098391451,0.07643716098391451,0.07643716098391451
50000,200000,0.01,2000,cascade_auto,1,0.0566602979961317,0.0566602979961317,0.0566602979961317
50000,200000,0.1,20000,bypass,1,0.026741311012301594,0.026741311012301594,0.026741311012301594
50000,200000,0.1,20000,stale_b,1,0.012578504014527425,0.012578504014527425,0.012578504014527425
50000,200000,0.1,20000,cascade,1,0.06099374601035379,0.06099374601035379,0.06099374601035379
50000,200000,0.1,20000,cascade_auto,1,0.055680011020740494,0.055680011020740494,0.055680011020740494
