scenario,n_orders,n_lineitem,delta_fraction,delta_rows,strategy,reps,median_s,min_s,max_s
chain4,50000,200000,0.01,2000,bypass,1,0.02366710000205785,0.02366710000205785,0.02366710000205785
chain4,50000,200000,0.01,2000,cascade_auto,1,0.11057248100405559,0.11057248100405559,0.11057248100405559
chain4,50000,200000,0.01,2000,stale_plus_residual,1,0.020282568992115557,0.020282568992115557,0.020282568992115557
