n_orders,n_lineitem,delta_fraction,delta_rows,strategy,reps,median_s,min_s,max_s
50000,200000,0.001,200,ivm,1,0.03636433099745773,0.03636433099745773,0.03636433099745773
50000,200000,0.001,200,bypass,1,0.02287711898679845,0.02287711898679845,0.02287711898679845
50000,200000,0.01,2000,ivm,1,0.031243023986462504,0.031243023986462504,0.031243023986462504
50000,200000,0.01,2000,bypass,1,0.02214703700155951,0.02214703700155951,0.02214703700155951
50000,200000,0.1,20000,ivm,1,0.03690569000900723,0.03690569000900723,0.03690569000900723
50000,200000,0.1,20000,bypass,1,0.021628677000990137,0.021628677000990137,0.021628677000990137
