delta_fraction,strategy,n_samples,min_ms,p50_ms,p90_ms,p95_ms,p99_ms,max_ms,mean_ms,stdev_ms
0.001,bypass,10,175.4023630055599,195.47761548892595,212.3572480806615,232.4144010432064,248.46012341324243,252.4715540057514,200.07671659695916,20.411948292678503
0.001,cascade,10,139.92729398887604,163.86723550385796,176.61800880741794,180.8318033974501,184.20283906947589,185.04559798748232,164.00157380267046,12.021571382096647
0.001,stale_residual,10,31.429662980372086,40.74383300030604,44.72575432155281,45.13896365533582,45.46953112236224,45.552172989118844,40.46616970153991,4.489680225231424
0.01,bypass,10,170.963501004735,189.8428705171682,199.35900940326974,211.0026576905511,220.31757632037625,222.64630597783253,191.05139920429792,13.866486109806322
0.01,cascade,10,147.03669300070032,159.16444249160122,171.53471801721025,174.96033401548627,177.70082681410713,178.38595001376234,160.20270769950002,11.079020953008945
0.01,stale_residual,10,40.949226007796824,45.33484399144072,48.87467449298128,49.78306474222335,50.50977694161702,50.691454991465434,45.8022288948996,2.869380798708123
0.1,bypass,10,182.37198700080626,189.8376544995699,210.78026199538724,226.741752999078,239.51094580203065,242.70324400276877,195.9390212985454,17.788340797776755
0.1,cascade,10,186.2447219900787,199.7889460035367,229.05091710563283,239.7481330510345,248.30590580735588,250.44534899643622,206.41681360139046,19.428513100162967
0.1,stale_residual,10,65.51437100279145,82.82175449130591,87.76292159745935,91.1159463066724,93.79836607404286,94.46897101588547,81.89417170360684,7.937619326289436
