n_orders,n_lineitem,delta_fraction,delta_rows,strategy,reps,median_s,min_s,max_s
1500000,6000000,0.0001,600,bypass,3,0.10873001502477564,0.09007310500601307,0.11207415399258025
1500000,6000000,0.0001,600,stale_b,3,0.014610444020945579,0.013819314015563577,0.015160404000198469
1500000,6000000,0.0001,600,cascade,3,0.06986137200146914,0.06526957999449223,0.07919471501372755
1500000,6000000,0.0001,600,cascade_auto,3,0.06470217299647629,0.05364141898462549,0.06752378700184636
1500000,6000000,0.0001,600,stale_plus_residual,3,0.020352443010779098,0.017487523989984766,0.021951631002593786
