scenario,strategy,reps,median_s,min_s,max_s
filter_partial,bypass,2,0.0577596474904567,0.05761380199692212,0.05790549298399128
filter_partial,partial_smart,2,0.04659826100396458,0.0458430309954565,0.04735349101247266
rollup_partial,bypass,2,0.05900481250137091,0.058181870001135394,0.05982775500160642
rollup_partial,partial_smart,2,0.019649565510917455,0.01942892000079155,0.01987021102104336
date_partial,bypass,2,0.05493592150742188,0.05359476900775917,0.05627707400708459
date_partial,partial_smart,2,0.044550827995408326,0.04453979100799188,0.04456186498282477
