scenario,strategy,reps,median_s,min_s,max_s
filter_partial,bypass,3,0.10748380798031576,0.1033806900086347,0.11496256000827998
filter_partial,partial_smart,3,0.09411679700133391,0.09310555702541023,0.09561755001777783
rollup_partial,bypass,3,0.11327146698022261,0.10743426802218892,0.11830430501140654
rollup_partial,partial_smart,3,0.019286129012471065,0.018394250015262514,0.019909489987185225
date_partial,bypass,2,0.1117573564988561,0.11172568600159138,0.11178902699612081
date_partial,partial_smart,3,0.10597312400932424,0.10472950301482342,0.10924500698456541
