base_rows,delta_fraction,delta_rows,strategy,reps,median_s,min_s,max_s
5000,0.01,50,ivm,1,0.03016853498411365,0.03016853498411365,0.03016853498411365
5000,0.01,50,bypass,1,0.013644244987517595,0.013644244987517595,0.013644244987517595
5000,0.1,500,ivm,1,0.02891037499648519,0.02891037499648519,0.02891037499648519
5000,0.1,500,bypass,1,0.013455826003337279,0.013455826003337279,0.013455826003337279
5000,1.0,5000,ivm,1,0.03215480499784462,0.03215480499784462,0.03215480499784462
5000,1.0,5000,bypass,1,0.013223828020272776,0.013223828020272776,0.013223828020272776
